{
  "sovereign": {
    "ceo": "Brandon Robert Clyde",
    "email": "CEO@BrandonClyde.com",
    "phone": "+12088704625",
    "notaryId": "BRC-1985-Eternal",
    "decreeSerial": "RS-0001"
  },
  "wallets": {
    "metamask": {
      "enabled": true,
      "provider": "walletconnect",
      "publicAddress": "0xYourMetaMaskAddress"
    },
    "ledger": {
      "enabled": true,
      "device": "Ledger Nano X",
      "publicAddress": "0xYourLedgerAddress"
    },
    "sovereignWallet": {
      "enabled": true,
      "publicAddress": "0xYourSovereignAddress"
    }
  }
}